file,lines,category,snippet,ibkr_action,ibkr_note
main.py,24-30,IG epic dot-segment dedup logic; IG epic identifier; IG universe tooling,"UNIVERSE_PATH = os.path.join(""data"", ""input"", ""universe.json"")",VERIFY,"UNIVERSE_PATH constant is unchanged; verify that universe.json is repopulated with IBKR canonical symbol strings (e.g. 'DAX', 'EURUSD') replacing IG epics before running under IBKR."
main.py,41-42,IG universe tooling,"            ""Run diagnostic_tools/refresh_universe.py to populate it, """,REWRITE,"Replace the user-facing error text referencing 'refresh_universe.py' with: 'Populate data/input/universe.json manually with IBKR canonical symbol strings (e.g. [""DAX"",""EURUSD""])'; the IG universe-refresh tooling has no IBKR equivalent."
main.py,54-61,IG epic dot-segment dedup logic; IG epic identifier; IG universe tooling,"            ""Run diagnostic_tools/refresh_universe.py (or use --refresh-universe) to populate it.""",REWRITE,"Replace the error text referencing 'diagnostic_tools/refresh_universe.py' and '--refresh-universe' with: 'Populate data/input/universe.json manually with IBKR canonical symbol strings (e.g. [""DAX"",""EURUSD""])'."
main.py,65-76,IG epic dot-segment dedup logic; IG epic format; IG epic identifier; IG universe tooling,"                f""WARNING: universe.json contains invalid instrument '{epic}' — skipping. """,REWRITE,"Remove the dot-segment dedup logic that splits on '.' and deduplicates by the first three segments (e.g. 'IX.D.FTSE' from 'IX.D.FTSE.DAILY.IP'). Replace with a plain seen-set check on the full instrument_id string; IBKR canonical symbols (e.g. 'DAX', 'EURUSD') contain no dots and the dedup will silently drop all but one."
main.py,81,IG broker config key,"    print(""Tradinator could not start because broker credentials are not configured."")",VERIFY,Message 'Tradinator could not start because broker credentials are not configured.' is broker-agnostic; verify this function is also invoked for IBKR credential errors (missing IBKR_HOST etc.) so users see the same setup guidance.
main.py,85,IG broker config key,"    print(""2. Fill in the required credentials for your broker (default: IG)"")",REPLACE,Change the print string from '2. Fill in the required credentials for your broker (default: IG)' to '2. Fill in the required credentials for your broker -- see secrets/.env.example for both IG and IBKR credential keys'.
main.py,89,IG credentials/SDK import; IG error handling,def _print_ig_authentication_error(error: RuntimeError) -> None:,ADD,"Add a parallel function _print_ibkr_connection_error(error: RuntimeError) -> None immediately after _print_ig_authentication_error. Body: print('Tradinator could not connect to IBKR.'); print(str(error)); print('Next steps:'); print('1. Start TWS or IB Gateway and confirm it listens on port 4002 (paper trading).'); print('2. Verify IBKR_HOST=127.0.0.1, IBKR_PORT=4002, IBKR_CLIENT_ID=1 in secrets/.env.'); print('3. Ensure no other session is using the same IBKR_CLIENT_ID.')."
main.py,94-96,IG DEMO account enforcement; IG credentials env var; IG credentials/SDK import,"    print(""1. Verify IG_USERNAME is your IG login identifier, not your account number"")",NO_CHANGE_ADAPTER_HANDLES,"These print steps are inside _print_ig_authentication_error, which is only invoked for the IG-specific 'validation.pattern.invalid' RuntimeError (see main.py line 252); IBKR connection errors route to the new _print_ibkr_connection_error handler."
main.py,132,IG universe tooling,"        dest=""refresh_universe"",",EXTEND,"Add a guard at the top of _run_refresh_universe: if _config.get('broker', 'ig') == 'ibkr': print('[main] refresh_universe is not supported for IBKR -- skipping.'); return False. This prevents the IG-only script from running when broker=ibkr."
main.py,137-138,IG universe tooling,"            ""and rewrites universe_candidates.json and universe.json. """,REPLACE,Append '(IG only; silently skipped when broker=ibkr)' to the --refresh-universe argparse help text so users know the flag has no effect under IBKR.
main.py,144-147,IG universe tooling,def _run_refresh_universe(_config: dict) -> bool:,EXTEND,"Add 'if _config.get(""broker"", ""ig"") == ""ibkr"": print(""[main] refresh_universe not supported for IBKR -- skipping.""); return False' as the first statement in _run_refresh_universe (before the module-load block at line 156)."
main.py,152,IG universe tooling,    False case the existing universe.json on disk is used unchanged.,REPLACE,Update the docstring of _run_refresh_universe to append: 'Always returns False immediately when broker=ibkr; this tool is IG-only.'
main.py,156-160,IG universe tooling,"        ""diagnostic_tools"", ""refresh_universe.py"",",NO_CHANGE_ADAPTER_HANDLES,This module-loading block executes only after the broker guard in _run_refresh_universe has been passed; for IBKR it is never reached. No change needed.
main.py,172,IG broker config key,"    ""broker"": ""ig"",                     # ""ig"" or ""ibkr"" (ibkr is placeholder)",REPLACE,"Change the inline comment on the 'broker' config key from '""ig"" or ""ibkr"" (ibkr is placeholder)' to '""ig"" or ""ibkr""' once IBKRBrokerAdapter is fully implemented. Do not change the default value from 'ig' before the adapter is complete."
main.py,180,IG universe tooling,"    ""refresh_universe"": True,  # set True or use --refresh-universe to refresh universe",NO_CHANGE_ADAPTER_HANDLES,Config key 'refresh_universe': True is retained; its effect is gated by the broker guard added to _run_refresh_universe -- when broker=ibkr the key is read but the refresh is silently skipped.
main.py,221-222,IG universe tooling,    if args.refresh_universe:,NO_CHANGE_ADAPTER_HANDLES,CLI flag check 'if args.refresh_universe' is unchanged; the early-return guard inside _run_refresh_universe handles the IBKR no-op.
main.py,226-233,IG epic dot-segment dedup logic; IG universe tooling,"        if config.get(""refresh_universe"", False):",NO_CHANGE_ADAPTER_HANDLES,Conditional call to _run_refresh_universe is unchanged; the guard inside that function handles broker=ibkr by returning False immediately.
main.py,252-253,IG credentials/SDK import; IG error handling,"        elif ""validation.pattern.invalid"" in msg:",EXTEND,"Add an elif branch for IBKR errors before the final else at line 255: elif isinstance(error, (ConnectionRefusedError, TimeoutError)) or 'IBKR' in msg or 'ib_async' in msg.lower(): _print_ibkr_connection_error(error)."
model/model_components/ig_adapter.py,4-5,IG broker config key; IG credentials/SDK import,Implements the BrokerAdapter protocol for the IG trading platform using,NO_CHANGE_ADAPTER_HANDLES,This is the IGBrokerAdapter module docstring; ig_adapter.py is unchanged during IBKR migration. Implement all equivalent methods in ibkr_adapter.py.
model/model_components/ig_adapter.py,17-20,IG credentials/SDK import,from trading_ig import IGService,NO_CHANGE_ADAPTER_HANDLES,"IG-specific import 'from trading_ig import IGService' in ig_adapter.py; unchanged. In ibkr_adapter.py use: from ib_async import IB, Contract, MarketOrder, Stock, Index, Forex, Future"
model/model_components/ig_adapter.py,25,IG DEMO account enforcement; IG DEMO enforcement,"    ACC_TYPE_DEFAULT = ""DEMO""",NO_CHANGE_ADAPTER_HANDLES,IG DEMO enforcement constant (ACC_TYPE_DEFAULT='DEMO') in ig_adapter.py; unchanged. In ibkr_adapter.py enforce paper trading by declaring PAPER_PORT=4002 and raising RuntimeError if int(IBKR_PORT) != PAPER_PORT in connect().
model/model_components/ig_adapter.py,33-39,IG API call wrappers; IG DFB expiry (CFD); IG GBP default currency; IG SDK specifics,"    EXPIRY = ""-""                    # DFB / no expiry for CFDs",NO_CHANGE_ADAPTER_HANDLES,"IG-specific constants EXPIRY='-' and CURRENCY='GBP' in ig_adapter.py; unchanged. In ibkr_adapter.py omit both: IBKR has no DFB concept and currency is per-contract, not a class-level default."
model/model_components/ig_adapter.py,44,IG credentials/SDK import,        self._ig: IGService | None = None,NO_CHANGE_ADAPTER_HANDLES,IG session field 'self._ig: IGService | None = None' in ig_adapter.py; unchanged. In ibkr_adapter.py declare 'self._ib: IB | None = None'.
model/model_components/ig_adapter.py,52-54,IG API call wrappers; IG DEMO account enforcement; IG credentials env var; IG credentials/SDK import,"        username, password, api_key, acc_type = self._load_credentials()",NO_CHANGE_ADAPTER_HANDLES,"IG credential loading call in ig_adapter.py; unchanged. In ibkr_adapter.py implement _load_credentials() to read IBKR_HOST, IBKR_PORT (assert == 4002), IBKR_CLIENT_ID, IBKR_ACCOUNT_ID from os.environ; raise RuntimeError listing any missing keys."
model/model_components/ig_adapter.py,59-65,IG API call wrappers; IG broker config key; IG credentials env var; IG credentials/SDK import; IG trading_ig SDK method,        ig = self._require_session(),NO_CHANGE_ADAPTER_HANDLES,"IG connect() implementation in ig_adapter.py; unchanged. In ibkr_adapter.py: self._ib = IB(); asyncio.get_event_loop().run_until_complete(self._ib.connectAsync(host, port, clientId=int(client_id))); return {'account_id': self._account_id}."
model/model_components/ig_adapter.py,86-87,IG API call wrappers; IG credentials/SDK import; IG trading_ig SDK method,        ig = self._require_session(),NO_CHANGE_ADAPTER_HANDLES,"IG get_account_info() in ig_adapter.py; unchanged. In ibkr_adapter.py: summary = self._ib.accountSummary(self._account_id); extract TotalCashValue -> cash and NetLiquidation -> balance from AccountValue items; return {'cash': float, 'balance': float}."
model/model_components/ig_adapter.py,109,IG epic identifier,"                ""instrument_id"": mkt.get(""epic"", """"),",NO_CHANGE_ADAPTER_HANDLES,IG get_positions() response mapping 'instrument_id': mkt.get('epic') in ig_adapter.py; unchanged. In ibkr_adapter.py map instrument_id from pos.contract.symbol (e.g. 'DAX').
model/model_components/ig_adapter.py,113,IG deal_id concept,"                ""deal_id"": pos.get(""dealId"", """"),",NO_CHANGE_ADAPTER_HANDLES,IG deal_id mapping 'deal_id': pos.get('dealId') in ig_adapter.py; unchanged. In ibkr_adapter.py set deal_id to str(pos.contract.conId).
model/model_components/ig_adapter.py,124-126,IG API call wrappers; IG credentials/SDK import; IG epic identifier; IG trading_ig SDK method,        ig = self._require_session(),NO_CHANGE_ADAPTER_HANDLES,"IG fetch_historical_prices() entry in ig_adapter.py; unchanged. In ibkr_adapter.py: build Contract, call bars = self._ib.reqHistoricalDataAsync(contract, endDateTime='', durationStr=f'{lookback} D', barSizeSetting='1 day', whatToShow='MIDPOINT', useRTH=True), return [{'open': b.open, 'high': b.high, 'low': b.low, 'close': b.close, 'volume': float(b.volume), 'timestamp': str(b.date)} for b in bars]."
model/model_components/ig_adapter.py,132-139,IG price response schema,"            ts = bar.get(""snapshotTimeUTC"") or bar.get(""snapshotTime"")",NO_CHANGE_ADAPTER_HANDLES,IG bar-schema mapping (snapshotTimeUTC etc.) in ig_adapter.py; unchanged. IBKR bars expose .open .high .low .close .volume .date directly -- no parsing needed in ibkr_adapter.py.
model/model_components/ig_adapter.py,149,IG epic identifier; IG trading_ig SDK method,        Uses the IG date-range API (``fetch_historical_prices_by_epic_and_date_range``),NO_CHANGE_ADAPTER_HANDLES,IG docstring for fetch_historical_prices_by_date_range in ig_adapter.py; unchanged. In ibkr_adapter.py compute durationStr from (today - from_date).days and pass to reqHistoricalDataAsync.
model/model_components/ig_adapter.py,157,IG epic identifier,            IG epic identifier.,NO_CHANGE_ADAPTER_HANDLES,"IG epic identifier docstring in ig_adapter.py; unchanged. In ibkr_adapter.py the instrument_id parameter is the IBKR canonical symbol (e.g. 'DAX', 'EURUSD') used to create a Contract object."
model/model_components/ig_adapter.py,170-174,IG API call wrappers; IG credentials/SDK import; IG epic dot-segment dedup logic,        ig = self._require_session(),NO_CHANGE_ADAPTER_HANDLES,"IG session guard and dot-segment dedup in ig_adapter.py; unchanged. In ibkr_adapter.py implement _require_session() to return self._ib if self._ib.isConnected(), else raise RuntimeError('IBKR adapter not connected; call connect() first')."
model/model_components/ig_adapter.py,178-179,IG API call wrappers; IG credentials/SDK import; IG epic identifier; IG trading_ig SDK method,        raw = self._call_ig_api(,NO_CHANGE_ADAPTER_HANDLES,IG _call_ig_api call for date-range prices in ig_adapter.py; unchanged. In ibkr_adapter.py call self._ib.reqHistoricalDataAsync directly with computed durationStr.
model/model_components/ig_adapter.py,185-192,IG price response schema,"            ts = bar.get(""snapshotTimeUTC"") or bar.get(""snapshotTime"")",NO_CHANGE_ADAPTER_HANDLES,IG bar-schema mapping for date-range prices in ig_adapter.py; unchanged. IBKR bars use the same field access as row 29.
model/model_components/ig_adapter.py,202-206,IG API call wrappers; IG instrument info schema,        derived from the IG snapshot's ``dealingEnabled`` field and the instrument's,NO_CHANGE_ADAPTER_HANDLES,IG fetch_instrument_info() dealing_enabled docstring in ig_adapter.py; unchanged. In ibkr_adapter.py call details = self._ib.reqContractDetails(contract) and set dealing_enabled based on whether details is non-empty.
model/model_components/ig_adapter.py,220-231,IG API call wrappers; IG credentials/SDK import; IG epic identifier; IG instrument info schema; IG trading_ig SDK method,"            market = self._call_ig_api(ig.fetch_market_by_epic, instrument_id)",NO_CHANGE_ADAPTER_HANDLES,"IG fetch_instrument_info() implementation (fetch_market_by_epic) in ig_adapter.py; unchanged. In ibkr_adapter.py: details = self._ib.reqContractDetails(contract)[0]; map minTick -> min_size_increment, contract.symbol -> instrument_id, contract.currency -> currency; set scaling_factor=1.0 for most IBKR instruments."
model/model_components/ig_adapter.py,257,IG credentials/SDK import,"                f""[IGBrokerAdapter] WARNING: metadata fetch failed for """,NO_CHANGE_ADAPTER_HANDLES,IG-specific warning log prefix '[IGBrokerAdapter]' in ig_adapter.py; unchanged. In ibkr_adapter.py use prefix '[IBKRBrokerAdapter]' in all log messages.
model/model_components/ig_adapter.py,271-276,IG API call wrappers; IG credentials/SDK import; IG epic identifier; IG trading_ig SDK method,        ig = self._require_session(),NO_CHANGE_ADAPTER_HANDLES,"IG open_position() session guard in ig_adapter.py; unchanged. In ibkr_adapter.py: contract = self._build_contract(instrument_id); trade = self._ib.placeOrder(contract, MarketOrder(direction, size)); return {'deal_reference': str(trade.order.orderId)}."
model/model_components/ig_adapter.py,291,IG deal_reference pattern,"        return {""deal_reference"": response[""dealReference""]}",NO_CHANGE_ADAPTER_HANDLES,IG open_position() return {'deal_reference': response['dealReference']} in ig_adapter.py; unchanged. In ibkr_adapter.py return {'deal_reference': str(trade.order.orderId)} where orderId is assigned by IB.placeOrder.
model/model_components/ig_adapter.py,295,IG deal_id concept,"        deal_id: str,",NO_CHANGE_ADAPTER_HANDLES,IG close_position() deal_id parameter in ig_adapter.py; unchanged. In ibkr_adapter.py use Contract(conId=int(deal_id)) to reconstruct the contract for the closing order.
model/model_components/ig_adapter.py,302-307,IG API call wrappers; IG credentials/SDK import; IG deal_id concept; IG epic identifier; IG trading_ig SDK method,        ig = self._require_session(),NO_CHANGE_ADAPTER_HANDLES,"IG close_position() implementation in ig_adapter.py; unchanged. In ibkr_adapter.py: contract = Contract(conId=int(deal_id)); trade = self._ib.placeOrder(contract, MarketOrder(direction, size)); return {'deal_reference': str(trade.order.orderId)}."
model/model_components/ig_adapter.py,314-322,IG API call wrappers; IG confirm_deal two-step pattern; IG credentials/SDK import; IG deal_id concept; IG deal_reference pattern; IG trading_ig SDK method,"        return {""deal_reference"": response[""dealReference""]}",NO_CHANGE_ADAPTER_HANDLES,"IG confirm_deal() two-step pattern in ig_adapter.py; unchanged. In ibkr_adapter.py: look up Trade by orderId = int(deal_reference); poll for up to 10s using self._ib.sleep(1.0) until trade.isDone(); return {'status': 'ACCEPTED' if trade.orderStatus.status == 'Filled' else 'REJECTED', 'deal_id': str(trade.contract.conId) if filled else None}."
model/model_components/ig_adapter.py,330-334,IG API call wrappers; IG SDK specifics; IG credentials/SDK import,"    def _call_ig_api(self, fn, *args, **kwargs):",NO_CHANGE_ADAPTER_HANDLES,IG _call_ig_api retry wrapper in ig_adapter.py; unchanged. In ibkr_adapter.py implement a simple retry wrapper using asyncio.sleep back-off on ConnectionError; no ApiExceededException equivalent exists in ib_async.
model/model_components/ig_adapter.py,349,IG SDK specifics,"                is_exceeded = exc_name == ""ApiExceededException"" or ""Exceeded"" in exc_name",NO_CHANGE_ADAPTER_HANDLES,IG ApiExceededException handling in ig_adapter.py; unchanged. IBKR has no rate-limit exception equivalent; ib_async raises ConnectionError on connection loss -- handle that in ibkr_adapter.py instead.
model/model_components/ig_adapter.py,358,IG credentials/SDK import,"                        f""[IGBrokerAdapter] {exc_name} on attempt {attempt + 1}/""",NO_CHANGE_ADAPTER_HANDLES,IG log prefix '[IGBrokerAdapter]' in ig_adapter.py; unchanged. Use '[IBKRBrokerAdapter]' as the log prefix in ibkr_adapter.py.
model/model_components/ig_adapter.py,364,IG credentials/SDK import,"                        f""[IGBrokerAdapter] {exc_name} on attempt {attempt + 1}/""",NO_CHANGE_ADAPTER_HANDLES,IG log prefix repeated occurrence in ig_adapter.py; unchanged. Same note as row 45.
model/model_components/ig_adapter.py,369-373,IG API call wrappers; IG credentials/SDK import,    def _require_session(self) -> IGService:,NO_CHANGE_ADAPTER_HANDLES,IG _require_session() in ig_adapter.py; unchanged. In ibkr_adapter.py: def _require_session(self) -> IB: if self._ib is None or not self._ib.isConnected(): raise RuntimeError('IBKR adapter not connected; call connect() first'); return self._ib.
model/model_components/ig_adapter.py,383-391,IG DEMO account enforcement; IG DEMO enforcement; IG SDK specifics; IG credentials env var; IG credentials/SDK import,"        username = self._normalise_credential(os.environ.get(""IG_USERNAME""))",NO_CHANGE_ADAPTER_HANDLES,"IG _load_credentials() reading IG_USERNAME, IG_PASSWORD, IG_API_KEY in ig_adapter.py; unchanged. In ibkr_adapter.py read IBKR_HOST (default '127.0.0.1'), IBKR_PORT (must equal 4002; raise RuntimeError if not), IBKR_CLIENT_ID, IBKR_ACCOUNT_ID from os.environ."
model/model_components/ig_adapter.py,398-400,IG credentials env var; IG credentials/SDK import,"                    (""IG_USERNAME"", username),",NO_CHANGE_ADAPTER_HANDLES,"IG credential error formatting in ig_adapter.py; unchanged. In ibkr_adapter.py raise RuntimeError listing missing keys: ('IBKR_HOST', host), ('IBKR_PORT', port), ('IBKR_CLIENT_ID', client_id), ('IBKR_ACCOUNT_ID', account_id)."
model/model_components/ig_adapter.py,409,IG DEMO account enforcement,"        return username, password, api_key, acc_type",NO_CHANGE_ADAPTER_HANDLES,"IG credential tuple return in ig_adapter.py; unchanged. In ibkr_adapter.py _load_credentials() returns (host, port, client_id, account_id)."
model/model_components/ig_adapter.py,420-421,IG API call wrappers; IG DEMO account enforcement; IG credentials/SDK import,"    def _create_session(self, username, password, api_key, acc_type):",NO_CHANGE_ADAPTER_HANDLES,"IG _create_session() in ig_adapter.py; unchanged. In ibkr_adapter.py implement connect() which calls: self._ib = IB(); self._ib.connect(host, int(port), clientId=int(client_id)) (synchronous connect for non-async contexts) or connectAsync for async."
model/model_components/ig_adapter.py,425-426,IG SDK specifics; IG credentials env var; IG credentials/SDK import,"        acc_number = os.environ.get(""IG_ACC_NUMBER"") or None",NO_CHANGE_ADAPTER_HANDLES,IG IG_ACC_NUMBER env var read in ig_adapter.py; unchanged. In ibkr_adapter.py read IBKR_ACCOUNT_ID from os.environ for account selection in accountSummary and position calls.
model/model_components/ig_adapter.py,430,IG DEMO account enforcement,"            acc_type=acc_type,",NO_CHANGE_ADAPTER_HANDLES,IG acc_type parameter (DEMO/LIVE) in ig_adapter.py; unchanged. IBKR distinguishes paper from live by port number; in ibkr_adapter.py assert int(port) == 4002 and raise RuntimeError('IBKR live trading not permitted; use port 4002') if it does not match.
model/model_components/ig_adapter.py,439-440,IG API call wrappers; IG DEMO account enforcement,"                ig.create_session(version=""2"")",NO_CHANGE_ADAPTER_HANDLES,"IG ig.create_session() call in ig_adapter.py; unchanged. In ibkr_adapter.py the session is established by self._ib.connect(host, port, clientId) -- no separate create_session step."
model/model_components/ig_adapter.py,468,IG price response schema,"        """"""Compute mid price as (bid + ask) / 2, or None if data is missing.""""""",NO_CHANGE_ADAPTER_HANDLES,IG bid/ask mid-price helper _mid_price() in ig_adapter.py; unchanged. IBKR reqHistoricalDataAsync with whatToShow='MIDPOINT' returns mid-price directly; no equivalent helper needed in ibkr_adapter.py.
model/model_components/ig_adapter.py,473-475,IG price response schema,        if bid is None or ask is None:,NO_CHANGE_ADAPTER_HANDLES,"IG None-guard for bid/ask in ig_adapter.py; unchanged. For IBKR, bar.close == 0.0 indicates a missing price; in ibkr_adapter.py convert 0.0 to None when mapping to the normalised bar schema."
model/model_components/ibkr_adapter.py,5,IBKR stub,Brokers (IBKR).  All methods raise ``NotImplementedError`` until a future,REWRITE,"Replace the module docstring placeholder text with: 'IBKRBrokerAdapter implements the BrokerAdapter protocol using ib_async. Requires TWS or IB Gateway running on port 4002 (paper). Import: from ib_async import IB, Contract, MarketOrder, Stock, Index, Forex, Future. Connection: IB().connect(IBKR_HOST, 4002, clientId=IBKR_CLIENT_ID).'"
model/model_components/ibkr_adapter.py,25-31,IBKR stub,"        raise NotImplementedError(""IBKR adapter is not yet implemented."")",REWRITE,"Replace the NotImplementedError stub in connect() with: self._ib = IB(); assert int(self._port) == 4002, 'Only paper trading port 4002 is permitted'; self._ib.connect(self._host, int(self._port), clientId=int(self._client_id)); return {'account_id': self._account_id}."
model/model_components/ibkr_adapter.py,36,IBKR stub,"        raise NotImplementedError(""IBKR adapter is not yet implemented."")",REWRITE,"Replace the NotImplementedError stub in get_account_info() with: summary = self._ib.accountSummary(self._account_id); cash = next((float(v.value) for v in summary if v.tag == 'TotalCashValue'), 0.0); balance = next((float(v.value) for v in summary if v.tag == 'NetLiquidation'), 0.0); return {'cash': cash, 'balance': balance}."
model/model_components/ibkr_adapter.py,41-44,IBKR stub,"        raise NotImplementedError(""IBKR adapter is not yet implemented."")",REWRITE,"Replace the NotImplementedError stub in get_positions() with: positions = self._ib.positions(self._account_id); return [{'instrument_id': p.contract.symbol, 'direction': 'BUY' if p.position > 0 else 'SELL', 'size': abs(float(p.position)), 'level': float(p.avgCost), 'deal_id': str(p.contract.conId), 'profit_loss': 0.0} for p in positions]."
model/model_components/ibkr_adapter.py,54,IBKR stub,"        raise NotImplementedError(""IBKR adapter is not yet implemented."")",REWRITE,"Replace the NotImplementedError stub in fetch_historical_prices() with: contract = self._build_contract(instrument_id); bars = self._ib.reqHistoricalData(contract, endDateTime='', durationStr=f'{lookback} D', barSizeSetting='1 day', whatToShow='MIDPOINT', useRTH=True); return [{'open': b.open, 'high': b.high, 'low': b.low, 'close': b.close or None, 'volume': float(b.volume), 'timestamp': str(b.date)} for b in bars]."
model/model_components/ibkr_adapter.py,58,IG deal_id concept,"        deal_id: str,",REWRITE,The deal_id parameter in close_position() holds the IBKR conId as a string. Update the inline comment to: '# deal_id is str(contract.conId) from get_positions(); reconstruct with Contract(conId=int(deal_id))'. Replace the NotImplementedError stub with the close order logic described in row 41 above.
model/model_components/ibkr_adapter.py,64-67,IBKR stub; IG confirm_deal two-step pattern; IG deal_reference pattern,"        raise NotImplementedError(""IBKR adapter is not yet implemented."")",REWRITE,"Replace the NotImplementedError stub in confirm_deal(deal_reference: str) with: order_id = int(deal_reference); trades = [t for t in self._ib.trades() if t.order.orderId == order_id]; if not trades: return {'status': 'REJECTED', 'deal_id': None}; trade = trades[0]; deadline = time.time() + 10; while not trade.isDone() and time.time() < deadline: self._ib.sleep(1.0); filled = trade.orderStatus.status == 'Filled'; return {'status': 'ACCEPTED' if filled else 'REJECTED', 'deal_id': str(trade.contract.conId) if filled else None}."
model/model_components/broker_adapter.py,58,IG deal_id concept,"                    ""deal_id"":       str,",VERIFY,"Protocol defines 'deal_id': str in get_positions schema. For IBKR deal_id will be str(contract.conId). Verify all consumers (order_executor.py line 85, reconciliation.py line 75, portfolio_ledger.py line 99) accept any non-empty string without treating it as an IG-format dealId."
model/model_components/broker_adapter.py,93,IG broker config key; IG epic identifier,            Broker-specific instrument identifier (e.g. IG epic).,REPLACE,In the fetch_historical_prices_by_date_range docstring change '(e.g. IG epic)' to '(e.g. IG epic such as IX.D.DAX.DAILY.IP or IBKR canonical symbol such as DAX or EURUSD)'.
model/model_components/broker_adapter.py,143,IG deal_reference pattern,"            ``{""deal_reference"": str}``",VERIFY,Protocol defines open_position return as {'deal_reference': str}. For IBKR deal_reference will be str(trade.order.orderId). Verify that order_executor.py lines 114-124 treat deal_reference as an opaque string and do not parse it as an IG dealReference format.
model/model_components/broker_adapter.py,149,IG deal_id concept,"        deal_id: str,",VERIFY,"Protocol signature close_position(deal_id: str, ...) is broker-agnostic. For IBKR deal_id is str(conId). Verify that order_executor.py line 91 passes pos['deal_id'] unmodified; no Protocol signature change needed."
model/model_components/broker_adapter.py,160,IG deal_reference pattern,"            ``{""deal_reference"": str}``",VERIFY,close_position also returns {'deal_reference': str}. For IBKR this is str(trade.order.orderId). Verify consumers treat it as an opaque string; no Protocol change needed.
model/model_components/broker_adapter.py,164,IG confirm_deal two-step pattern; IG deal_reference pattern,"    def confirm_deal(self, deal_reference: str) -> dict:",REPLACE,Update the confirm_deal docstring to add: 'For IBKR: polls trade.orderStatus until trade.isDone() for up to 10 s; returns ACCEPTED when status == Filled. The deal_reference argument is the orderId as a string returned by open_position or close_position.' Method signature is unchanged.
model/model_components/broker_adapter.py,170,IG deal_id concept,"            ``{""status"": str, ""deal_id"": str | None}``",VERIFY,"confirm_deal returns {'status': str, 'deal_id': str | None}. For IBKR deal_id will be str(contract.conId). Verify order_executor.py line 124 stores it without assuming IG format; no Protocol change needed."
model/model_components/broker_connector.py,17,IG credentials/SDK import,from .ig_adapter import IGBrokerAdapter,NO_CHANGE_ADAPTER_HANDLES,IGBrokerAdapter import in broker_connector.py is unchanged. The IBKR adapter is conditionally imported via the existing try/except lazy-import guard at lines 27-31.
model/model_components/broker_connector.py,22,IG broker config key; IG credentials/SDK import,"    ""ig"": IGBrokerAdapter,",NO_CHANGE_ADAPTER_HANDLES,_ADAPTER_REGISTRY already contains 'ig': IGBrokerAdapter. The lazy-import guard at lines 27-31 adds 'ibkr': IBKRBrokerAdapter when ib_async is installed. No change needed to this line.
model/model_components/broker_connector.py,57-58,IG broker config key,"        """"""Instantiate the broker adapter named in config (default ``ig``).""""""",REPLACE,"Update the _create_adapter docstring from 'Instantiate the broker adapter named in config (default ``ig``).' to 'Instantiate the broker adapter named in config; supported values are ""ig"" and ""ibkr"".'"
model/model_components/data_pipeline.py,11,IG universe tooling,maintained in ``universe_candidates.json``:,NO_CHANGE_ADAPTER_HANDLES,"Module docstring references universe_candidates.json which remains as the instrument candidate store. After IBKR migration the file uses instrument_id keys instead of epic keys, but the path and loading logic are unchanged."
model/model_components/data_pipeline.py,42,IG epic identifier; IG-epic keyed YH ticker map,"from .yh_finance_fetcher import EPIC_TO_YH_TICKER, YHFinanceFetcher",REPLACE,Change the import alias: update 'from .yh_finance_fetcher import EPIC_TO_YH_TICKER' to 'from .yh_finance_fetcher import INSTRUMENT_TO_YH_TICKER' (after renaming the dict in yh_finance_fetcher.py). Update all references to EPIC_TO_YH_TICKER in data_pipeline.py to INSTRUMENT_TO_YH_TICKER.
model/model_components/data_pipeline.py,55-56,IG universe tooling,"    CANDIDATES_PATH = ""data/input/universe_candidates.json""",NO_CHANGE_ADAPTER_HANDLES,"CANDIDATES_PATH constant is unchanged. After IBKR migration, universe_candidates.json entries use instrument_id keys instead of epic keys; only the JSON content changes, not the file path."
model/model_components/data_pipeline.py,77-79,IG universe tooling,"        4. After each fetch, update the T2 status in ``universe_candidates.json``",NO_CHANGE_ADAPTER_HANDLES,Docstring describes T2 validation flow using universe_candidates.json. The flow is broker-agnostic; only the instrument key name in the JSON changes from 'epic' to 'instrument_id'.
model/model_components/data_pipeline.py,300-301,IG epic identifier,                        for epic in cols_to_drop:,RENAME,Rename loop variable 'epic' to 'instrument_id' at line 300-301. The semantics are unchanged; this is a variable-name-only change.
model/model_components/data_pipeline.py,343-344,IG universe tooling,"        P2: All entries from ``universe_candidates.json`` are included, not only",NO_CHANGE_ADAPTER_HANDLES,Internal docstring about P2 candidate inclusion logic; unchanged. The data flow is broker-agnostic.
model/model_components/data_pipeline.py,351,IG epic identifier,"        master series for each epic, making the discrepancy explicit.",REPLACE,In the docstring at line 351 change 'master series for each epic' to 'master series for each instrument_id'.
model/model_components/data_pipeline.py,377-385,IG epic identifier; IG universe tooling,        seen_epics: set[str] = set(),RENAME,Rename 'seen_epics: set[str]' to 'seen_instruments: set[str]' at line 377 and rename 'cand_epic' to 'cand_id' at line 382 and all further uses in the same method.
model/model_components/data_pipeline.py,390-400,IG credentials/SDK import; IG epic identifier; IG-epic keyed YH ticker map,"                ""epic"": cand_epic,",RENAME,"In the report row dict at lines 389-402: rename key 'epic' to 'instrument_id', rename variable 'cand_epic' to 'cand_id', and update the EPIC_TO_YH_TICKER lookup key to use INSTRUMENT_TO_YH_TICKER.get(cand_id). Coordinate with universe_candidates.json key rename and fieldnames list update (row 85)."
model/model_components/data_pipeline.py,406-412,IG credentials/SDK import; IG epic identifier; IG-epic keyed YH ticker map,            if instrument_id in seen_epics:,RENAME,In the fallback row dict at lines 408-421: change 'epic': instrument_id to 'instrument_id': instrument_id and update EPIC_TO_YH_TICKER to INSTRUMENT_TO_YH_TICKER. Coordinate with row 82.
model/model_components/data_pipeline.py,424-427,IG credentials/SDK import; IG epic identifier,"            ""epic"",",RENAME,Rename the 'epic' entry in the fieldnames list (line 424) to 'instrument_id' to match the dict key changes in rows 82-83. This also updates the candidates_report.csv column name read by strategy_eval.py.
model/model_components/data_pipeline.py,447,IG universe tooling,"        """"""Return the last known T2 status for instrument_id from universe_candidates.json.",NO_CHANGE_ADAPTER_HANDLES,_get_t2_status() docstring references universe_candidates.json lookup by instrument_id variable -- already broker-agnostic. The JSON key change ('epic' -> 'instrument_id') is handled in row 87.
model/model_components/data_pipeline.py,459,IG epic identifier,"                if candidate.get(""epic"") == instrument_id:",REPLACE,Change candidate.get('epic') to candidate.get('instrument_id') at line 459 to match the renamed key in universe_candidates.json entries.
model/model_components/data_pipeline.py,521,IG universe tooling,"        """"""Update T2 status for an instrument in universe_candidates.json.",NO_CHANGE_ADAPTER_HANDLES,_update_t2_status() docstring is unchanged. The body fix is in row 89.
model/model_components/data_pipeline.py,535,IG epic identifier,"                if candidate.get(""epic"") == instrument_id:",REPLACE,Change candidate.get('epic') to candidate.get('instrument_id') at line 535 to match the renamed key in universe_candidates.json entries.
model/model_components/data_pipeline.py,556-562,IG universe tooling,"        """"""Remove an instrument from universe.json when T2 fails (zero bars returned).",NO_CHANGE_ADAPTER_HANDLES,_remove_from_universe() docstring is unchanged. The body fix is in row 91.
model/model_components/data_pipeline.py,573,IG epic identifier,"                if inst.get(""epic"") != instrument_id",REPLACE,Change inst.get('epic') to inst.get('instrument_id') at line 573 to match the renamed key in universe.json entries.
model/model_components/data_pipeline.py,578,IG universe tooling,"                    f""[DataPipeline] Removed {instrument_id} from universe.json""",NO_CHANGE_ADAPTER_HANDLES,Log message at line 578 uses the instrument_id variable (already broker-agnostic); no change needed.
model/model_components/data_pipeline.py,587,IG universe tooling,"                f"" from universe.json — {exc}""",NO_CHANGE_ADAPTER_HANDLES,Error log at line 587 uses instrument_id and exc variables; no change needed.
model/model_components/yh_finance_fetcher.py,8,IG epic identifier,The fetcher converts IG epic strings to Yahoo Finance tickers via a,REPLACE,In the module docstring change 'converts IG epic strings to Yahoo Finance tickers via a curated look-up table' to 'converts broker instrument IDs to Yahoo Finance tickers via a curated look-up table'.
model/model_components/yh_finance_fetcher.py,14,IG price response schema,does not provide bid/ask decomposed prices.,NO_CHANGE_ADAPTER_HANDLES,Note that YH Finance does not provide bid/ask is accurate regardless of broker; no change needed.
model/model_components/yh_finance_fetcher.py,27-29,IG epic identifier; IG universe tooling,# Epic → Yahoo Finance ticker mapping,REPLACE,Change the comment '# Epic -> Yahoo Finance ticker mapping' (line 27) to '# Instrument ID -> Yahoo Finance ticker mapping'.
model/model_components/yh_finance_fetcher.py,33-153,IG DFB expiry (CFD); IG epic format; IG epic identifier; IG-epic keyed YH ticker map,"EPIC_TO_YH_TICKER: dict[str, str] = {",RENAME,"Rename EPIC_TO_YH_TICKER to INSTRUMENT_TO_YH_TICKER (dict name and all import sites in data_pipeline.py, data_pipeline imports). Replace all dict keys from IG epic strings (e.g. 'IX.D.DAX.DAILY.IP') with IBKR canonical symbol strings: DAX, EURUSD, GBPUSD, USDJPY, FTSE, SPX, DJI, NDX, RUT, CAC, STOXX50E, AEX, IBEX, SMI, N225, ASX, HSI, FTSEMIB -- verify the full mapping covers all symbols in universe.json."
model/model_components/yh_finance_fetcher.py,177-179,IG epic identifier,"        self, epic: str, resolution: str, lookback: int",RENAME,Rename the parameter 'epic: str' to 'instrument_id: str' in the fetch() method signature at line 177. Update all references to 'epic' within the method body.
model/model_components/yh_finance_fetcher.py,183-184,IG epic format; IG epic identifier,        epic:,REPLACE,"Update the docstring parameter description from 'epic:' to 'instrument_id:' and replace 'IG epic string' with 'broker-agnostic instrument identifier (IBKR canonical symbol such as DAX, or IG epic string such as IX.D.DAX.DAILY.IP)'."
model/model_components/yh_finance_fetcher.py,206-211,IG epic identifier; IG-epic keyed YH ticker map,"            Returns an empty list when no ticker mapping exists for *epic*,",REPLACE,Update the docstring at lines 206-211: change 'no ticker mapping exists for *epic*' to 'no ticker mapping exists for *instrument_id*'.
model/model_components/yh_finance_fetcher.py,228,IG epic identifier,"            print(f""[YHFinanceFetcher] WARNING: download failed for {epic} ({ticker}) — {exc}"")",RENAME,Rename the local variable 'epic' to 'instrument_id' at line 228 and update the warning log from 'download failed for {epic}' to 'download failed for {instrument_id}'.
model/model_components/order_executor.py,22-23,IG DFB expiry (CFD); IG GBP default currency,"    CURRENCY_CODE = ""GBP""   # default currency for orders",VERIFY,"CURRENCY_CODE='GBP' is the fallback when metadata has no 'currency' entry. For IBKR, verify that IBKRBrokerAdapter.fetch_instrument_info() returns 'currency' in its result so GBP is never silently applied to non-GBP IBKR instruments. EXPIRY='-' is IG-only (DFB); verify it is not passed to any IBKR adapter code path."
model/model_components/order_executor.py,85,IG deal_id concept,"                deal_id = self._find_deal_id(order[""instrument_id""], positions)",NO_CHANGE_ADAPTER_HANDLES,deal_id is fetched from the normalised positions list populated by adapter.get_positions(). For IBKR deal_id is str(conId). The lookup logic in _find_deal_id is broker-agnostic.
model/model_components/order_executor.py,91,IG deal_id concept,"                    deal_id=deal_id,",NO_CHANGE_ADAPTER_HANDLES,"deal_id is passed to adapter.close_position() via the BrokerAdapter Protocol. The adapter handles broker-specific interpretation (IG: dealId string, IBKR: str(conId))."
model/model_components/order_executor.py,114-115,IG confirm_deal two-step pattern; IG deal_reference pattern,"            deal_reference = resp[""deal_reference""]",VERIFY,"For IBKR, deal_reference is str(orderId) and confirm_deal() polls trade.isDone() for up to 10 s. Verify that the 0.5 s EXECUTION_DELAY between orders (line 53) does not cause issues with IBKR's asynchronous order flow; increase to 2.0 s if needed."
model/model_components/order_executor.py,123-124,IG deal_id concept; IG deal_reference pattern,"                ""deal_reference"": deal_reference,",NO_CHANGE_ADAPTER_HANDLES,deal_reference is stored in the execution result as an opaque string. For IBKR it holds the orderId string. The code is broker-agnostic.
model/model_components/order_executor.py,135-136,IG deal_id concept; IG deal_reference pattern,"                ""deal_reference"": None,",NO_CHANGE_ADAPTER_HANDLES,Error path sets deal_reference=None; this is broker-agnostic and unchanged.
model/model_components/order_executor.py,193,IG deal_reference pattern,"            ""order_id"": result.get(""deal_reference"") or now,",NO_CHANGE_ADAPTER_HANDLES,order_id falls back to timestamp when deal_reference is absent; broker-agnostic.
model/model_components/order_executor.py,201-202,IG deal_id concept; IG deal_reference pattern,"            ""deal_reference"": result.get(""deal_reference""),",NO_CHANGE_ADAPTER_HANDLES,Orderbook entry stores deal_reference as an opaque string; broker-agnostic.
model/model_components/order_executor.py,209-213,IG deal_id concept,"    def _find_deal_id(instrument_id: str, positions: list) -> str:",NO_CHANGE_ADAPTER_HANDLES,_find_deal_id() searches positions for instrument_id match and returns pos['deal_id']. For IBKR deal_id is str(conId). Logic is broker-agnostic.
model/model_components/portfolio_ledger.py,99,IG deal_id concept,"                ""deal_id"": pos.get(""deal_id""),",NO_CHANGE_ADAPTER_HANDLES,portfolio_ledger.py stores deal_id from the normalised position dict. For IBKR this will be str(conId). Code is broker-agnostic.
model/model_components/signal_engine.py,32-35,IG epic identifier,"        for epic, fields in prices.items():",RENAME,"Rename loop variable 'epic' to 'instrument_id' at line 32; update 'signals[epic]' to 'signals[instrument_id]' and 'counts[signal[""direction""]]' is already instrument-agnostic."
model/model_components/strategy_eval.py,41-44,IG epic identifier,"        for epic, signal in raw_signals.items():",RENAME,"Rename loop variable 'epic' to 'instrument_id' at lines 41-44; update close_prices = prices.get(epic, ...) to use instrument_id; update validated[epic] = result to validated[instrument_id] = result."
model/model_components/strategy_eval.py,80-82,IG epic identifier,        ``validation_passed`` for each epic that appears in *validated_signals*,REPLACE,In the _update_candidates_report docstring change 'for each epic that appears in *validated_signals*' to 'for each instrument_id that appears in *validated_signals*'.
model/model_components/strategy_eval.py,97-101,IG epic identifier,"            epic = row.get(""epic"", """")",REPLACE,"Change row.get('epic', '') to row.get('instrument_id', '') at line 97 to match the renamed column in candidates_report.csv (coordinate with data_pipeline.py fieldnames rename in row 85)."
model/model_components/strategy_eval.py,109,IG epic identifier,"    def _validate_signal(self, epic: str, signal: dict, close_prices: list) -> dict:",RENAME,Rename parameter 'epic: str' to 'instrument_id: str' in _validate_signal() signature at line 109; update all references to 'epic' within the method body.
model/model_components/strategy_eval.py,178-180,IG epic identifier,"        for epic, signal in validated_signals.items():",RENAME,Rename loop variable 'epic' to 'instrument_id' at lines 178-180; update all references to 'epic' in the loop body.
model/model_components/order_generator.py,38-41,IG epic identifier,"            for epic, fields in market_data.get(""prices"", {}).items():",RENAME,Rename loop variable 'epic' to 'instrument_id' at lines 38-41; update 'latest_prices[epic]' to 'latest_prices[instrument_id]'.
model/model_components/order_generator.py,93,IG instrument info schema,        (e.g. EURUSD 1.1350 → 11350 with scalingFactor=10000).,REPLACE,"Update the _compute_target_sizes docstring example from 'EURUSD 1.1350 -> 11350 with scalingFactor=10000' to 'For IBKR, scaling_factor is 1.0 for most instruments; fetch from adapter.fetch_instrument_info() and default to 1.0 if absent'."
model/model_components/reconciliation.py,45-61,IG API call wrappers; IG deal_id concept,            live_orders = ig.fetch_working_orders(),REWRITE,"Replace lines 45-61 (the 'ig = getattr(adapter, ""_ig"", None)' block and 'live_orders = ig.fetch_working_orders()' call) with an adapter-routed call: live_orders = adapter.get_working_orders(). Add get_working_orders() to the BrokerAdapter Protocol returning list[dict] with keys 'deal_id' and 'instrument_id'. Implement in IGBrokerAdapter by calling self._call_ig_api(ig.fetch_working_orders) and extracting workingOrders[].workingOrderData.dealId. Implement in IBKRBrokerAdapter using [{'deal_id': str(t.order.orderId), 'instrument_id': t.contract.symbol} for t in self._ib.openTrades()]."
model/model_components/reconciliation.py,67-69,IG deal_id concept,        position_deal_ids = {,NO_CHANGE_ADAPTER_HANDLES,position_deal_ids set is built from the normalised positions list. For IBKR deal_id is str(conId). Code is broker-agnostic.
model/model_components/reconciliation.py,75-80,IG deal_id concept,"            deal_id = order.get(""deal_id"")",VERIFY,"After implementing get_working_orders() in the adapter, verify that live_deal_ids is populated with IBKR orderId strings (not conId) so the membership check 'deal_id in live_deal_ids' matches the deal_id stored in orderbook entries. Align the key used as deal_id in both get_positions and get_working_orders."
model/model_components/reconciliation.py,85-87,IG deal_id concept,"                # Note: IG may assign a new deal_id on fill, so this",REPLACE,Update the comment at lines 85-86 from '# Note: IG may assign a new deal_id on fill...' to '# Note: IBKR may assign a new conId on fill; orderId used as deal_id during reconciliation may differ. This check is best-effort; fallback is CANCELLED.'
model/model_components/performance_monitoring.py,218-221,IG epic dot-segment dedup logic; IG epic format; IG epic identifier,            # Use the third dot-segment of the epic as a compact label,NO_CHANGE_ADAPTER_HANDLES,"Label extraction uses 'parts[2] if len(parts) >= 3 else raw_id'. IBKR canonical symbols (e.g. 'DAX', 'EURUSD') contain no dots so len(parts) < 3 and raw_id is used directly as the label -- already correct for IBKR."
model/model.py,30,IG broker config key,        self.broker_connector = BrokerConnector(config),NO_CHANGE_ADAPTER_HANDLES,BrokerConnector(config) is broker-agnostic; it selects the adapter based on config['broker']. No change needed.
diagnostic_tools/refresh_universe.py,3,IG universe tooling,Tradinator — refresh_universe.py,NO_CHANGE_ADAPTER_HANDLES,IG-specific diagnostic tool module docstring; unchanged. This tool is retained for IG users and will not run when broker=ibkr due to the guard added to _run_refresh_universe in main.py.
diagnostic_tools/refresh_universe.py,22,IG epic identifier,                         No company names or epic codes are hardcoded — the IG,NO_CHANGE_ADAPTER_HANDLES,IG-specific diagnostic tool comment; unchanged.
diagnostic_tools/refresh_universe.py,26,IG epic identifier; IG-epic keyed YH ticker map,                         epic.  Priority: curated EPIC_TO_YH_TICKER map (no,NO_CHANGE_ADAPTER_HANDLES,IG-specific diagnostic tool docstring referencing epic and EPIC_TO_YH_TICKER; unchanged.
diagnostic_tools/refresh_universe.py,30-34,IG epic identifier; IG trading_ig SDK method; IG universe tooling,  Phase 3 — Validate  : Tier 1 check — call fetch_market_by_epic and confirm,NO_CHANGE_ADAPTER_HANDLES,IG-specific Phase 3 validation description in refresh_universe.py; unchanged.
diagnostic_tools/refresh_universe.py,40,IG universe tooling,  python diagnostic_tools/refresh_universe.py   # standalone,NO_CHANGE_ADAPTER_HANDLES,IG-specific usage comment in refresh_universe.py; unchanged.
diagnostic_tools/refresh_universe.py,44-45,IG universe tooling,"      ""refresh_universe"",",NO_CHANGE_ADAPTER_HANDLES,IG-specific step list in refresh_universe.py; unchanged.
diagnostic_tools/refresh_universe.py,69-72,IG credentials/SDK import; IG epic identifier; IG-epic keyed YH ticker map,from trading_ig import IGService        # noqa: E402,NO_CHANGE_ADAPTER_HANDLES,IG-specific import 'from trading_ig import IGService' in refresh_universe.py; unchanged.
diagnostic_tools/refresh_universe.py,77-79,IG credentials/SDK import; IG universe tooling,"CANDIDATES_PATH = os.path.join(PROJECT_ROOT, ""data"", ""input"", ""universe_candidates.json"")",NO_CHANGE_ADAPTER_HANDLES,"File path constants CANDIDATES_PATH, UNIVERSE_PATH in refresh_universe.py; unchanged."
diagnostic_tools/refresh_universe.py,85-87,IG epic identifier,# ig.search_markets(); the IG API itself determines which epics are returned.,NO_CHANGE_ADAPTER_HANDLES,IG-specific comment about ig.search_markets() in refresh_universe.py; unchanged.
diagnostic_tools/refresh_universe.py,315,IG SDK specifics,_EXCEEDED_WAIT   = 65    # seconds to wait when ApiExceededException is raised,NO_CHANGE_ADAPTER_HANDLES,IG ApiExceededException back-off constant _EXCEEDED_WAIT in refresh_universe.py; unchanged.
diagnostic_tools/refresh_universe.py,336-339,IG SDK specifics; IG epic identifier,"_API_EXCEEDED_WAITS   = [60, 120, 240]   # back-off per attempt on ApiExceededException",NO_CHANGE_ADAPTER_HANDLES,IG rate-limit back-off list _API_EXCEEDED_WAITS in refresh_universe.py; unchanged.
diagnostic_tools/refresh_universe.py,354-355,IG DEMO account enforcement; IG credentials/SDK import,def _connect() -> IGService:,NO_CHANGE_ADAPTER_HANDLES,IG _connect() function signature in refresh_universe.py; unchanged.
diagnostic_tools/refresh_universe.py,360-369,IG DEMO account enforcement; IG DEMO enforcement; IG SDK specifics; IG credentials env var; IG credentials/SDK import,"    username   = os.environ.get(""IG_USERNAME"", """").strip()",NO_CHANGE_ADAPTER_HANDLES,"IG credential loading in _connect() reading IG_USERNAME, IG_PASSWORD, IG_API_KEY, IG_ACC_TYPE, IG_ACC_NUMBER; unchanged."
diagnostic_tools/refresh_universe.py,375-377,IG credentials env var; IG credentials/SDK import,"            (""IG_USERNAME"", username),",NO_CHANGE_ADAPTER_HANDLES,IG credential validation error formatting in refresh_universe.py; unchanged.
diagnostic_tools/refresh_universe.py,390-395,IG DEMO account enforcement; IG SDK specifics; IG credentials/SDK import,"        f""acc_type='{acc_type}' acc_number='{acc_number or '(not set)'}'""",NO_CHANGE_ADAPTER_HANDLES,IG DEMO account enforcement (acc_type assertion) in refresh_universe.py; unchanged.
diagnostic_tools/refresh_universe.py,408,IG API call wrappers,"            ig.create_session(version=""2"")",NO_CHANGE_ADAPTER_HANDLES,IG ig.create_session() call in refresh_universe.py; unchanged.
diagnostic_tools/refresh_universe.py,415,IG SDK specifics,"                exc_name == ""ApiExceededException""",NO_CHANGE_ADAPTER_HANDLES,IG ApiExceededException check in _connect() of refresh_universe.py; unchanged.
diagnostic_tools/refresh_universe.py,431,IG DEMO account enforcement,"    print(""[_connect] Connected to IG DEMO.\n"")",NO_CHANGE_ADAPTER_HANDLES,'Connected to IG DEMO' confirmation log in refresh_universe.py; unchanged.
diagnostic_tools/refresh_universe.py,439-440,IG SDK specifics; IG credentials/SDK import,"def _do_search(ig: IGService, term: str, call_counter: list[int]) -> list[dict]:",NO_CHANGE_ADAPTER_HANDLES,"_do_search(ig: IGService, ...) function signature in refresh_universe.py; unchanged."
diagnostic_tools/refresh_universe.py,452-455,IG SDK specifics,"        is_exceeded = exc_name == ""ApiExceededException"" or ""Exceeded"" in exc_name",NO_CHANGE_ADAPTER_HANDLES,IG ApiExceededException retry logic in _do_search() of refresh_universe.py; unchanged.
diagnostic_tools/refresh_universe.py,470-472,IG credentials/SDK import; IG epic identifier,"    ig: IGService,",NO_CHANGE_ADAPTER_HANDLES,"_search_with_drilldown(ig: IGService, ...) function signature in refresh_universe.py; unchanged."
diagnostic_tools/refresh_universe.py,483,IG credentials/SDK import; IG epic identifier,"    Returns new market dicts ``{epic, name, ig_type}``; *seen_epics* is updated",NO_CHANGE_ADAPTER_HANDLES,"Docstring 'Returns new market dicts {epic, name, ig_type}' in refresh_universe.py; unchanged."
diagnostic_tools/refresh_universe.py,500-510,IG credentials/SDK import; IG epic identifier,"        epic = mkt.get(""epic"", """")",NO_CHANGE_ADAPTER_HANDLES,"IG epic extraction 'epic = mkt.get(""epic"", """")' in refresh_universe.py; unchanged."
diagnostic_tools/refresh_universe.py,523,IG epic identifier,"                ig, f""{term} {letter}"", seen_epics, call_counter, depth + 1",NO_CHANGE_ADAPTER_HANDLES,Recursive drilldown call referencing epic in refresh_universe.py; unchanged.
diagnostic_tools/refresh_universe.py,580-589,IG credentials/SDK import; IG epic identifier; IG-epic keyed YH ticker map,"def _find_ticker(epic: str, ig_type: str, name: str) -> tuple[str, bool]:",NO_CHANGE_ADAPTER_HANDLES,"_find_ticker(epic, ig_type, name) function in refresh_universe.py; unchanged. IBKR canonical-symbol-to-YH-ticker mapping is handled by INSTRUMENT_TO_YH_TICKER in yh_finance_fetcher.py, not by this function."
diagnostic_tools/refresh_universe.py,599-603,IG SDK specifics; IG credentials/SDK import; IG epic identifier,"    """"""Call an IGService method with automatic retry on transient failures.",NO_CHANGE_ADAPTER_HANDLES,_api_call_with_retry() docstring in refresh_universe.py; unchanged.
diagnostic_tools/refresh_universe.py,619,IG universe tooling,"                    ""[refresh_universe] FATAL: IG weekly historical-data allowance exhausted.\n""",NO_CHANGE_ADAPTER_HANDLES,'IG weekly historical-data allowance exhausted' error message in refresh_universe.py; unchanged.
diagnostic_tools/refresh_universe.py,625,IG SDK specifics,"            is_exceeded = exc_name == ""ApiExceededException"" or ""Exceeded"" in exc_name",NO_CHANGE_ADAPTER_HANDLES,IG ApiExceededException check in _api_call_with_retry() of refresh_universe.py; unchanged.
diagnostic_tools/refresh_universe.py,632,IG universe tooling,"                    f""[refresh_universe] {exc_name}('{exc_msg}') on attempt {attempt + 1}/""",NO_CHANGE_ADAPTER_HANDLES,Retry log message in refresh_universe.py; unchanged.
diagnostic_tools/refresh_universe.py,642,IG universe tooling,"                    f""[refresh_universe] {exc_name}('{exc_msg}') on attempt {attempt + 1}/""",NO_CHANGE_ADAPTER_HANDLES,Retry log message (continued) in refresh_universe.py; unchanged.
diagnostic_tools/refresh_universe.py,648-654,IG broker config key; IG credentials/SDK import; IG epic identifier; IG instrument info schema,"def _validate_tier1(ig: IGService, epic: str) -> tuple[str, str]:",NO_CHANGE_ADAPTER_HANDLES,"_validate_tier1(ig: IGService, epic: str) function signature in refresh_universe.py; unchanged."
diagnostic_tools/refresh_universe.py,658,IG API call wrappers; IG epic identifier; IG trading_ig SDK method,"        result = _api_call_with_retry(ig.fetch_market_by_epic, epic)",NO_CHANGE_ADAPTER_HANDLES,"_api_call_with_retry(ig.fetch_market_by_epic, epic) call in refresh_universe.py; unchanged."
diagnostic_tools/refresh_universe.py,662,IG epic identifier,"            return ""EPIC_NOT_RECOGNIZED"", f""epic unavailable: {exc_msg}""",NO_CHANGE_ADAPTER_HANDLES,EPIC_NOT_RECOGNIZED return value in refresh_universe.py; unchanged.
diagnostic_tools/refresh_universe.py,666-677,IG epic identifier; IG instrument info schema,"        return ""EPIC_NOT_RECOGNIZED"", ""no data returned""",NO_CHANGE_ADAPTER_HANDLES,"IG instrument data validation logic (dealingEnabled, expiry checks) in refresh_universe.py; unchanged."
diagnostic_tools/refresh_universe.py,693,IG credentials/SDK import; IG universe tooling,"    """"""Write universe_candidates.json, universe.json, and ig_assets_excluded.json.",NO_CHANGE_ADAPTER_HANDLES,_write_output() docstring in refresh_universe.py; unchanged.
diagnostic_tools/refresh_universe.py,698-706,IG credentials/SDK import; IG epic identifier; IG universe tooling,    # --- universe_candidates.json ---,NO_CHANGE_ADAPTER_HANDLES,universe_candidates.json writer using epic keys in refresh_universe.py; unchanged. IBKR universe_candidates.json must be populated manually with key 'instrument_id' (not 'epic').
diagnostic_tools/refresh_universe.py,721,IG universe tooling,"            ""Generated by diagnostic_tools/refresh_universe.py.""",NO_CHANGE_ADAPTER_HANDLES,'Generated by diagnostic_tools/refresh_universe.py' JSON comment in refresh_universe.py; unchanged.
diagnostic_tools/refresh_universe.py,731-736,IG credentials/SDK import; IG epic identifier; IG universe tooling,    # --- universe.json (T1-PASS only) ---,NO_CHANGE_ADAPTER_HANDLES,"universe.json writer (T1-PASS entries only) in refresh_universe.py; unchanged. For IBKR, populate universe.json manually with IBKR canonical symbol strings (e.g. 'DAX', 'EURUSD')."
diagnostic_tools/refresh_universe.py,747,IG DEMO account enforcement; IG epic identifier,"            ""Tradinator instrument universe — IG Demo epics that have passed Tier 1 validation """,NO_CHANGE_ADAPTER_HANDLES,'IG Demo epics that have passed Tier 1 validation' description in universe.json output from refresh_universe.py; unchanged.
diagnostic_tools/refresh_universe.py,759-762,IG DEMO account enforcement; IG credentials/SDK import,    # --- ig_assets_excluded.json ---,NO_CHANGE_ADAPTER_HANDLES,ig_assets_excluded.json writer in refresh_universe.py; unchanged.
diagnostic_tools/refresh_universe.py,791,IG SDK specifics,    False — transient IG failure (503 / 500 / ApiExceededException); existing,NO_CHANGE_ADAPTER_HANDLES,'transient IG failure (503 / 500 / ApiExceededException)' description in refresh_universe.py; unchanged.
diagnostic_tools/refresh_universe.py,806,IG SDK specifics,"            or exc_name == ""ApiExceededException""",NO_CHANGE_ADAPTER_HANDLES,IG ApiExceededException check in the run() function of refresh_universe.py; unchanged.
diagnostic_tools/refresh_universe.py,810-811,IG universe tooling,"                f""[refresh_universe] WARNING: connection failed ({exc_name}: {exc_msg}) — """,NO_CHANGE_ADAPTER_HANDLES,Connection failure log in refresh_universe.py; unchanged.
diagnostic_tools/refresh_universe.py,824,IG epic identifier,    seen_epics:   set[str]   = set(),NO_CHANGE_ADAPTER_HANDLES,'seen_epics: set[str]' variable in run() of refresh_universe.py; unchanged.
diagnostic_tools/refresh_universe.py,830,IG epic identifier,"        found = _search_with_drilldown(ig, seed, seen_epics, call_counter)",NO_CHANGE_ADAPTER_HANDLES,"_search_with_drilldown(ig, seed, seen_epics, ...) call in run() of refresh_universe.py; unchanged."
diagnostic_tools/refresh_universe.py,842-846,IG credentials/SDK import; IG epic identifier,"        ig_type = mkt.get(""ig_type"", """") or """"",NO_CHANGE_ADAPTER_HANDLES,"ig_type extraction 'mkt.get(""ig_type"", """")' in run() of refresh_universe.py; unchanged."
diagnostic_tools/refresh_universe.py,853-857,IG credentials/SDK import; IG epic identifier,"    for epic, info in included.items():",NO_CHANGE_ADAPTER_HANDLES,"'for epic, info in included.items()' loop in run() of refresh_universe.py; unchanged."
diagnostic_tools/refresh_universe.py,869-874,IG epic identifier,"    for i, epic in enumerate(included, 1):",NO_CHANGE_ADAPTER_HANDLES,"'for i, epic in enumerate(included, 1)' loop in run() of refresh_universe.py; unchanged."
diagnostic_tools/refresh_universe.py,884,IG universe tooling,"    print(f""\nrefresh_universe complete — {t1_pass_count} instruments in universe.json."")",NO_CHANGE_ADAPTER_HANDLES,Completion log 'refresh_universe complete -- N instruments in universe.json' in refresh_universe.py; unchanged.
secrets/.env.example,6-15,IBKR placeholder creds (commented); IG DEMO account enforcement; IG DEMO enforcement; IG credentials env var; IG credentials/SDK import,IG_USERNAME=your_username_here,EXTEND,"The IBKR credentials block is already present as commented-out placeholders. Uncomment and set: IBKR_HOST=127.0.0.1, IBKR_PORT=4002, IBKR_CLIENT_ID=1, IBKR_ACCOUNT_ID=DU1234567. Add comment above the block: '# IBKR paper trading only -- port 4002 is enforced by IBKRBrokerAdapter'."
data/input/universe.json,2,IG DEMO account enforcement; IG epic identifier,"  ""description"": ""Tradinator instrument universe \u2014 IG Demo epics that have passed Tier 1 validation (broker recogni",REWRITE,"Replace the 'description' value from 'Tradinator instrument universe -- IG Demo epics...' to 'Tradinator instrument universe -- IBKR canonical symbol strings for instruments to trade (e.g. DAX, EURUSD)'. Rename key 'epic' to 'instrument_id' in every instrument entry. Replace each IG epic value (e.g. IX.D.DAX.DAILY.IP) with its IBKR canonical symbol (e.g. DAX). Refer to INSTRUMENT_TO_YH_TICKER in yh_finance_fetcher.py for the full epic-to-symbol mapping."
requirements.txt,1,IG SDK dependency,trading-ig>=0.0.23,REPLACE,Remove trading-ig>=0.0.23 and add ib_insync>=9.81 (or ib_async). Do not remove trading-ig until model/model_components/__init__.py IG import is wrapped in try/except.
model/model_components/__init__.py,4,IG credentials/SDK import,from .ig_adapter import IGBrokerAdapter,EXTEND,"Wrap in try/except ImportError identical to the IBKR import below (lines 19-22). Without this guard, removing trading-ig from requirements.txt causes ModuleNotFoundError at startup before any broker selection logic runs."
tests/test_discover_universe.py,1-end,IG credentials/SDK import; IG epic identifier; IG universe tooling,"sys.modules.setdefault(""trading_ig"", _trading_ig_stub)  # stubs IGService",REWRITE,"Entire file tests IG-specific refresh_universe.py using IGService stubs and IG epic test data. After migration, replace with tests for refresh_universe_ibkr.py using ib_insync Contract stubs and canonical symbol test data."
tests/test_main_error_handling.py,1-end,IG error handling; IG credentials/SDK import,"assert ""Missing required IG credentials"" in output  # IG-specific error assertion",ADD,"Tests assert IG-specific error strings (IG_USERNAME, IG_ACC_TYPE, validation.pattern.invalid). Existing tests remain valid for IG path. ADD new test class covering IBKR error paths: ConnectionRefusedError (TWS not running), IBKR_PAPER_ONLY guard, missing IBKR_HOST/PORT/CLIENT_ID."
tests/test_datasource_scoper.py,1-end,IG epic identifier; IG epic format,"_make_universe_json(verified=[""IX.D.FTSE.DAILY.IP""])  # IG epic fixture data",REWRITE,"All fixture dicts use ""epic"" key and IG epic strings as values. After renaming ""epic"" to ""instrument_id"" in universe.json and universe_candidates.json, rename all fixture keys and replace IG epic strings with IBKR canonical symbols (e.g. ""FTSE"", ""EURUSD"")."
model/model_components/data_pipeline.py,393-427,IG epic identifier; IG universe tooling,"""ig_type"": candidate.get(""ig_type"", """"),  # IG-branded column in candidates report",REPLACE,"Remove ""ig_type"" from fieldnames (line 427) and from both row dicts (lines 393, 412). Optionally add ""asset_class"" as a broker-neutral replacement populated from the IBKR contract secType field."
main.py,28-34,IG epic dot-segment dedup logic; IG epic identifier,"""""""Load the instrument universe from a JSON file. Returns a deduplicated list of IG epic strings.",REPLACE,"Rewrite docstring to remove IG-specific language. New docstring: ""Load the instrument universe. Returns a deduplicated list of broker-agnostic instrument_id strings. Skips entries where valid=False."""
